CountryName,CountryCode,RegionName,RegionCode,Jurisdiction,Date,C1_School closing,C1_Flag,C2_Workplace closing,C2_Flag,C3_Cancel public events,C3_Flag,C4_Restrictions on gatherings,C4_Flag,C5_Close public transport,C5_Flag,C6_Stay at home requirements,C6_Flag,C7_Restrictions on internal movement,C7_Flag,C8_International travel controls,E1_Income support,E1_Flag,E2_Debt/contract relief,E3_Fiscal measures,E4_International support,H1_Public information campaigns,H1_Flag,H2_Testing policy,H3_Contact tracing,H4_Emergency investment in healthcare,H5_Investment in vaccines,H6_Facial Coverings,H6_Flag,H7_Vaccination policy,H7_Flag,M1_Wildcard,CC,CD,StringencyIndex,StringencyIndexForDisplay,StringencyLegacyIndex,StringencyLegacyIndexForDisplay,GovernmentResponseIndex,GovernmentResponseIndexForDisplay,ContainmentHealthIndex,ContainmentHealthIndexForDisplay,EconomicSupportIndex,EconomicSupportIndexForDisplay
Aruba,ABW,,,NAT_TOTAL,20201231,,,,,,,,,,,,,,,,,,,,,,,,,,,,,,,,5489,49,,,,,,,,,,
Afghanistan,AFG,,,NAT_TOTAL,20201231,0,,0,,0,,0,,0,,0,,0,,1,0,,0,0,0,1,1,3,1,0,0,3,1,0,,,51526,2191,8.33,8.33,13.1,13.1,20,20,23.08,23.08,0,0
Angola,AGO,,,NAT_TOTAL,20201231,2,1,2,1,1,1,3,1,1,1,1,1,1,1,4,0,,0,0,0,2,1,2,0,0,0,3,1,0,,,17553,405,65.74,65.74,80.48,80.48,48.89,48.89,56.41,56.41,0,0
Albania,ALB,,,NAT_TOTAL,20201231,1,1,2,1,2,1,4,1,0,,2,1,0,,3,1,1,1,0,0,2,1,2,2,0,0,4,1,0,,,58316,1181,60.19,60.19,67.86,67.86,60.56,60.56,62.18,62.18,50,50
Andorra,AND,,,NAT_TOTAL,20201231,1,1,2,1,2,1,4,1,1,1,0,,0,,1,2,1,2,0,0,2,1,3,2,0,0,3,1,0,,,8049,84,52.78,52.78,59.52,59.52,63.33,63.33,57.69,57.69,100,100
United Arab Emirates,ARE,,,NAT_TOTAL,20201231,1,1,1,1,2,1,4,1,0,,0,,1,0,2,0,,2,,0,2,1,3,2,0,,3,1,4,1,,207822,669,49.07,49.07,54.76,54.76,59.78,59.78,61.28,61.28,50,50
Argentina,ARG,,,NAT_TOTAL,20201231,3,1,2,0,2,1,4,0,2,0,2,0,2,0,3,1,1,2,0,0,2,1,2,2,0,0,3,1,1,1,,1625514,43245,79.17,79.17,79.76,79.76,74.94,74.94,74.94,74.94,75,75
Australia,AUS,,,NAT_TOTAL,20201231,1,0,3,0,2,0,4,0,1,0,2,0,2,1,3,1,1,2,0,0,2,1,3,2,0,0,2,0,0,,,28425,909,68.06,68.06,69.76,69.76,66.67,66.67,65.38,65.38,75,75
Austria,AUT,,,NAT_TOTAL,20201231,2,1,3,1,2,1,4,1,1,1,2,1,1,1,3,2,1,2,0,0,2,1,3,2,0,0,3,1,0,,,360815,6222,78.7,78.7,84.52,84.52,78.89,78.89,75.64,75.64,100,100
Azerbaijan,AZE,,,NAT_TOTAL,20201231,3,1,3,0,2,1,4,1,1,1,2,0,2,0,4,1,0,0,0,0,2,1,2,2,0,0,4,1,0,,,218700,2641,84.26,84.26,86.9,86.9,70,70,78.85,78.85,12.5,12.5
Burundi,BDI,,,NAT_TOTAL,20201231,1,1,0,,0,,0,,0,,0,,0,,2,1,0,1,0,0,1,1,1,1,0,0,1,1,0,,,818,2,14.81,14.81,23.81,23.81,21.11,21.11,18.59,18.59,37.5,37.5
Belgium,BEL,,,NAT_TOTAL,20201231,1,1,2,1,2,1,4,1,0,,2,1,0,,3,2,1,2,0,0,2,1,2,2,0,0,3,0,2,1,,646496,19528,60.19,60.19,67.86,67.86,67.39,67.39,62.37,62.37,100,100
Benin,BEN,,,NAT_TOTAL,20201231,1,1,1,1,1,1,3,1,0,,0,,0,,1,2,0,1,0,0,2,1,1,2,0,0,4,1,0,,,3251,44,35.19,35.19,43.57,43.57,45,45,42.31,42.31,62.5,62.5
Burkina Faso,BFA,,,NAT_TOTAL,20201231,0,,0,,0,,0,,0,,0,,0,,1,0,,0,0,0,2,1,3,2,0,0,3,1,0,,,6707,85,13.89,13.89,17.86,17.86,26.67,26.67,30.77,30.77,0,0
Bangladesh,BGD,,,NAT_TOTAL,20201231,,,,,,,,,,,,,,,,,,,,,,,,,,,,,,,,513510,7559,,,,,,,,,,
Bulgaria,BGR,,,NAT_TOTAL,20201231,3,1,2,1,2,1,3,1,0,,0,,0,,3,2,0,1,0,0,2,1,1,2,0,0,3,1,1,1,,202266,7576,57.41,57.41,64.29,64.29,58,58,57.31,57.31,62.5,62.5
Bahrain,BHR,,,NAT_TOTAL,20201231,1,1,2,1,2,1,4,1,0,,1,1,0,,1,2,0,2,0,0,2,1,3,2,0,0,3,1,5,1,,92675,352,50.93,50.93,57.14,57.14,67.22,67.22,64.1,64.1,87.5,87.5
Bahamas,BHS,,,NAT_TOTAL,20201231,3,0,2,0,2,0,4,0,1,1,2,0,2,1,1,0,,0,0,0,2,1,1,2,0,0,3,1,0,,,7871,170,68.98,68.98,70.95,70.95,55.28,55.28,63.78,63.78,0,0
Bosnia and Herzegovina,BIH,,,NAT_TOTAL,20201231,2,0,1,1,1,1,3,1,0,,2,0,0,,1,0,,0,0,0,2,1,1,0,0,0,3,1,0,,,110985,4050,42.59,42.59,50.71,50.71,32.78,32.78,37.82,37.82,0,0
Belarus,BLR,,,NAT_TOTAL,20201231,0,,0,,1,1,0,,0,,0,,0,,4,0,,0,0,0,2,1,3,2,0,0,3,0,2,1,,194284,1424,27.78,27.78,38.1,38.1,36.83,36.83,42.5,42.5,0,0
Belize,BLZ,,,NAT_TOTAL,20201231,3,1,2,1,2,1,4,1,1,1,1,1,2,0,1,1,0,2,0,0,2,1,2,2,0,0,3,1,0,,,10776,248,72.22,72.22,76.19,76.19,67.78,67.78,68.59,68.59,62.5,62.5
Bermuda,BMU,,,NAT_TOTAL,20201231,2,0,2,1,1,1,4,1,0,,2,1,0,,2,1,0,0,0,0,2,1,3,2,0,0,2,1,0,,,604,10,53.7,53.7,64.29,64.29,50.56,50.56,56.41,56.41,12.5,12.5
Bolivia,BOL,,,NAT_TOTAL,20201231,3,1,2,1,1,1,0,,0,,1,1,1,1,3,1,1,0,0,0,2,1,1,1,0,0,4,1,0,,,160124,9165,52.78,52.78,69.05,69.05,47.22,47.22,50.64,50.64,25,25
Brazil,BRA,Acre,BR_AC,STATE_TOTAL,20201231,,,,,,,,,,,,,,,,,,,,,,,,,,,,,,,,41620,795,,,,,,,,,,
Brazil,BRA,Alagoas,BR_AL,STATE_TOTAL,20201231,,,,,,,,,,,,,,,,,,,,,,,,,,,,,,,,104818,2489,,,,,,,,,,
Brazil,BRA,Amazonas,BR_AM,STATE_TOTAL,20201231,,,,,,,,,,,,,,,,,,,,,,,,,,,,,,,,201013,5285,,,,,,,,,,
Brazil,BRA,Amapa,BR_AP,STATE_TOTAL,20201231,,,,,,,,,,,,,,,,,,,,,,,,,,,,,,,,68201,925,,,,,,,,,,
Brazil,BRA,Bahia,BR_BA,STATE_TOTAL,20201231,,,,,,,,,,,,,,,,,,,,,,,,,,,,,,,,493400,9129,,,,,,,,,,
Brazil,BRA,Ceara,BR_CE,STATE_TOTAL,20201231,,,,,,,,,,,,,,,,,,,,,,,,,,,,,,,,335091,9990,,,,,,,,,,
Brazil,BRA,Distrito Federal,BR_DF,STATE_TOTAL,20201231,,,,,,,,,,,,,,,,,,,,,,,,,,,,,,,,251701,4259,,,,,,,,,,
Brazil,BRA,Espirito Santo,BR_ES,STATE_TOTAL,20201231,,,,,,,,,,,,,,,,,,,,,,,,,,,,,,,,248232,5080,,,,,,,,,,
Brazil,BRA,Goias,BR_GO,STATE_TOTAL,20201231,,,,,,,,,,,,,,,,,,,,,,,,,,,,,,,,308868,6805,,,,,,,,,,
Brazil,BRA,Maranhao,BR_MA,STATE_TOTAL,20201231,,,,,,,,,,,,,,,,,,,,,,,,,,,,,,,,200938,4500,,,,,,,,,,
Brazil,BRA,Minas Gerais,BR_MG,STATE_TOTAL,20201231,,,,,,,,,,,,,,,,,,,,,,,,,,,,,,,,542909,11902,,,,,,,,,,
Brazil,BRA,Mato Grosso do Sul,BR_MS,STATE_TOTAL,20201231,,,,,,,,,,,,,,,,,,,,,,,,,,,,,,,,133761,2329,,,,,,,,,,
Brazil,BRA,Mato Grosso,BR_MT,STATE_TOTAL,20201231,,,,,,,,,,,,,,,,,,,,,,,,,,,,,,,,179427,4455,,,,,,,,,,
Brazil,BRA,Para,BR_PA,STATE_TOTAL,20201231,,,,,,,,,,,,,,,,,,,,,,,,,,,,,,,,293540,7188,,,,,,,,,,
Brazil,BRA,Paraiba,BR_PB,STATE_TOTAL,20201231,,,,,,,,,,,,,,,,,,,,,,,,,,,,,,,,166484,3672,,,,,,,,,,
Brazil,BRA,Pernambuco,BR_PE,STATE_TOTAL,20201231,,,,,,,,,,,,,,,,,,,,,,,,,,,,,,,,222166,9654,,,,,,,,,,
Brazil,BRA,Piaui,BR_PI,STATE_TOTAL,20201231,,,,,,,,,,,,,,,,,,,,,,,,,,,,,,,,142672,2837,,,,,,,,,,
Brazil,BRA,Parana,BR_PR,STATE_TOTAL,20201231,,,,,,,,,,,,,,,,,,,,,,,,,,,,,,,,416566,7974,,,,,,,,,,
Brazil,BRA,Rio de Janeiro,BR_RJ,STATE_TOTAL,20201231,,,,,,,,,,,,,,,,,,,,,,,,,,,,,,,,434648,25530,,,,,,,,,,
Brazil,BRA,Rio Grande do Norte,BR_RN,STATE_TOTAL,20201231,,,,,,,,,,,,,,,,,,,,,,,,,,,,,,,,118083,2993,,,,,,,,,,
Brazil,BRA,Rondonia,BR_RO,STATE_TOTAL,20201231,,,,,,,,,,,,,,,,,,,,,,,,,,,,,,,,95729,1817,,,,,,,,,,
Brazil,BRA,Roraima,BR_RR,STATE_TOTAL,20201231,,,,,,,,,,,,,,,,,,,,,,,,,,,,,,,,68689,781,,,,,,,,,,
Brazil,BRA,Rio Grande do Sul,BR_RS,STATE_TOTAL,20201231,,,,,,,,,,,,,,,,,,,,,,,,,,,,,,,,449674,8872,,,,,,,,,,
Brazil,BRA,Santa Catarina,BR_SC,STATE_TOTAL,20201231,,,,,,,,,,,,,,,,,,,,,,,,,,,,,,,,492583,5253,,,,,,,,,,
Brazil,BRA,Sergipe,BR_SE,STATE_TOTAL,20201231,,,,,,,,,,,,,,,,,,,,,,,,,,,,,,,,112505,2484,,,,,,,,,,
Brazil,BRA,Sao Paulo,BR_SP,STATE_TOTAL,20201231,,,,,,,,,,,,,,,,,,,,,,,,,,,,,,,,1462297,46717,,,,,,,,,,
Brazil,BRA,Tocantins,BR_TO,STATE_TOTAL,20201231,,,,,,,,,,,,,,,,,,,,,,,,,,,,,,,,90358,1234,,,,,,,,,,
Brazil,BRA,,,NAT_TOTAL,20201231,2,0,3,0,2,0,4,0,0,,2,0,2,0,1,0,,0,0,0,2,1,1,2,0,0,4,1,0,,,7675973,194949,60.65,60.65,56.67,56.67,51.94,51.94,59.94,59.94,0,0
Barbados,BRB,,,NAT_TOTAL,20201231,1,1,1,1,1,1,2,1,1,1,2,1,0,,2,1,0,1,0,0,2,1,2,2,0,0,2,1,0,,,383,7,48.15,48.15,65.48,65.48,48.33,48.33,50,50,37.5,37.5
Brunei,BRN,,,NAT_TOTAL,20201231,1,1,1,1,1,1,2,1,0,,0,,0,,2,0,,2,0,0,2,1,3,2,0,0,2,1,0,,,157,3,35.19,35.19,45.24,45.24,44.44,44.44,43.59,43.59,50,50
Bhutan,BTN,,,NAT_TOTAL,20201231,3,1,3,0,2,0,4,0,2,0,2,1,2,0,3,1,1,2,0,0,2,1,2,2,0,0,4,1,0,,,670,0,81.94,81.94,81.67,81.67,76.94,76.94,77.24,77.24,75,75
Botswana,BWA,,,NAT_TOTAL,20201231,1,1,1,1,1,1,3,1,0,,2,1,2,1,2,0,,0,0,0,2,1,2,2,0,0,4,1,0,,,14805,42,56.48,56.48,61.43,61.43,51.67,51.67,59.62,59.62,0,0
Central African Republic,CAF,,,NAT_TOTAL,20201231,,,,,,,,,,,,,,,,,,,,,,,,,,,,,,,,4963,63,,,,,,,,,,
Canada,CAN,Alberta,CAN_AB,STATE_TOTAL,20201231,2,1,2,1,2,1,4,1,0,,1,1,1,0,4,2,1,0,,,2,1,2,1,,,3,1,2,1,,101654,1046,65.74,65.74,71.43,71.43,61.56,61.56,63.33,63.33,50,50
Canada,CAN,British Columbia,CAN_BC,STATE_TOTAL,20201231,1,1,2,1,2,1,4,1,0,,1,1,2,1,4,2,1,0,0,0,2,1,2,2,0,0,2,1,1,1,,51990,901,70.37,70.37,75,75,64.67,64.67,66.92,66.92,50,50
Canada,CAN,Manitoba,CAN_MB,STATE_TOTAL,20201231,2,0,3,1,2,1,4,1,0,,2,1,2,0,4,2,1,0,0,0,2,1,2,2,0,0,3,1,1,1,,24700,667,76.85,76.85,75,75,70.22,70.22,73.33,73.33,50,50
Canada,CAN,New Brunswick,CAN_NB,STATE_TOTAL,20201231,1,1,0,,2,1,3,1,0,,0,,2,1,4,2,1,2,0,0,2,1,2,2,0,0,2,1,2,1,,599,9,56.48,56.48,64.29,64.29,64.33,64.33,58.85,58.85,100,100
Canada,CAN,Newfoundland and Labrador,CAN_NL,STATE_TOTAL,20201231,1,1,1,1,1,1,3,1,0,,1,1,2,1,4,2,1,1,0,0,2,1,2,2,0,0,3,1,1,1,,390,4,58.33,58.33,68.57,68.57,62.44,62.44,60.51,60.51,75,75
Canada,CAN,Nova Scotia,CAN_NS,STATE_TOTAL,20201231,2,1,2,0,1,1,3,1,0,,0,,2,1,4,2,1,1,0,0,2,1,3,2,0,0,2,1,1,1,,1486,65,60.19,60.19,72.14,72.14,64.11,64.11,62.44,62.44,75,75
Canada,CAN,Northwest Territories,CAN_NT,STATE_TOTAL,20201231,0,,2,1,2,1,3,1,1,0,0,,2,1,4,2,1,1,0,0,2,1,2,2,0,0,2,1,2,1,,24,0,62.96,62.96,72.62,72.62,64.89,64.89,63.33,63.33,75,75
Canada,CAN,Nunavut,CAN_NU,STATE_TOTAL,20201231,3,0,3,0,2,0,4,0,0,,2,0,2,0,,2,1,0,0,0,2,1,1,2,0,0,3,0,0,,,266,1,61.57,61.57,56.67,56.67,56.67,56.67,57.69,57.69,50,50
Canada,CAN,Ontario,CAN_ON,STATE_TOTAL,20201231,3,1,3,1,2,1,4,1,1,1,2,1,1,1,4,2,1,1,0,0,2,1,2,1,0,0,2,1,2,1,,182159,4530,85.19,85.19,91.67,91.67,74.89,74.89,74.87,74.87,75,75
Canada,CAN,Prince Edward Island,CAN_PE,STATE_TOTAL,20201231,,,1,1,1,1,3,1,0,,1,1,2,1,4,2,1,2,0,0,2,1,2,2,0,0,3,1,1,1,,96,0,54.63,54.63,61.43,61.43,63.56,63.56,57.95,57.95,100,100
Canada,CAN,Quebec,CAN_QC,STATE_TOTAL,20201231,2,1,2,1,2,1,4,1,0,,1,1,1,0,4,2,1,1,0,0,2,1,2,2,0,0,3,1,2,1,,202641,8226,65.74,65.74,71.43,71.43,68.22,68.22,67.18,67.18,75,75
Canada,CAN,Saskatchewan,CAN_SK,STATE_TOTAL,20201231,3,0,2,1,2,1,4,1,0,,1,1,1,0,,2,1,0,0,0,2,1,3,2,0,0,3,1,1,1,,15348,155,56.48,56.48,57.14,57.14,60.22,60.22,61.79,61.79,50,50
Canada,CAN,Yukon,CAN_YT,STATE_TOTAL,20201231,1,1,1,1,1,1,3,1,1,1,0,,2,1,,2,1,1,0,0,2,1,2,2,0,0,3,1,0,,,60,1,49.07,49.07,63.81,63.81,55.56,55.56,52.56,52.56,75,75
Canada,CAN,,,NAT_TOTAL,20201231,2,0,3,0,2,0,4,0,0,,1,1,2,0,3,2,1,1,0,0,2,1,3,1,0,0,3,0,3,1,,584409,15632,64.35,64.35,63.81,63.81,66.78,66.78,65.51,65.51,75,75
Switzerland,CHE,,,NAT_TOTAL,20201231,2,1,2,1,2,1,4,1,0,,1,1,0,,3,2,0,0,0,0,2,1,2,2,0,0,3,1,1,1,,452296,7645,60.19,60.19,67.86,67.86,58.56,58.56,61.79,61.79,37.5,37.5
Chile,CHL,,,NAT_TOTAL,20201231,3,0,3,0,2,1,4,0,1,0,3,0,2,0,3,2,1,2,0,0,2,1,3,2,0,0,2,1,1,1,,608973,16608,79.17,79.17,76.19,76.19,78.83,78.83,75.58,75.58,100,100
China,CHN,,,NAT_TOTAL,20201231,3,0,2,0,2,0,4,0,2,0,3,0,2,0,3,1,0,2,0,0,2,1,3,2,0,0,4,0,0,,,87071,4634,78.24,78.24,74.52,74.52,74.44,74.44,76.28,76.28,62.5,62.5
Cote d'Ivoire,CIV,,,NAT_TOTAL,20201231,0,,0,,0,,0,,0,,1,0,0,,1,1,0,2,0,0,2,1,2,1,0,0,3,0,0,,,22490,137,15.74,15.74,21.43,21.43,29.72,29.72,24.68,24.68,62.5,62.5
Cameroon,CMR,,,NAT_TOTAL,20201231,1,1,0,,1,1,3,1,0,,0,,0,,1,0,,0,0,0,0,,2,0,0,0,3,1,0,,,26277,448,20.37,20.37,22.14,22.14,21.67,21.67,25,25,0,0
Democratic Republic of Congo,COD,,,NAT_TOTAL,20201231,1,1,1,0,0,,0,,0,,1,1,0,,1,0,,0,0,0,2,1,1,1,0,0,3,1,0,,,17658,591,23.15,23.15,35.71,35.71,24.44,24.44,28.21,28.21,0,0
Congo,COG,,,NAT_TOTAL,20201231,1,1,1,1,1,1,3,1,0,,3,1,0,,2,0,,0,0,0,2,1,1,0,0,0,3,1,0,,,7107,108,49.07,49.07,61.43,61.43,36.67,36.67,42.31,42.31,0,0
Colombia,COL,,,NAT_TOTAL,20201231,2,0,1,1,1,1,3,1,1,1,1,1,1,1,4,1,1,2,0,0,2,1,2,2,0,0,1,1,0,,,1642775,43213,60.19,60.19,73.33,73.33,58.89,58.89,56.41,56.41,75,75
Comoros,COM,,,NAT_TOTAL,20201231,,,,,,,,,,,,,,,,,,,,,,,,,,,,,,,,823,10,,,,,,,,,,
Cape Verde,CPV,,,NAT_TOTAL,20201231,3,0,2,1,2,1,3,1,0,,1,1,2,1,1,1,1,2,0,0,2,1,3,2,0,0,3,1,0,,,11840,113,64.81,64.81,67.86,67.86,67.22,67.22,66.03,66.03,75,75
Costa Rica,CRI,,,NAT_TOTAL,20201231,3,1,2,1,2,1,3,1,0,,1,1,2,0,1,1,1,1,0,0,2,1,1,1,0,0,3,1,1,1,,169321,2185,63.89,63.89,66.67,66.67,56.89,56.89,57.95,57.95,50,50
Cuba,CUB,,,NAT_TOTAL,20201231,1,1,2,0,2,1,4,1,1,0,0,,2,0,1,0,,2,0,0,2,1,1,2,0,0,3,1,,,,11863,146,56.48,56.48,60.71,60.71,54.44,54.44,55.13,55.13,50,50
Cyprus,CYP,,,NAT_TOTAL,20201231,2,1,2,1,2,1,4,1,1,1,1,1,2,0,3,2,1,2,0,0,2,1,3,2,0,0,4,1,1,1,,22019,119,74.07,74.07,79.76,79.76,79.11,79.11,75.9,75.9,100,100
Czech Republic,CZE,,,NAT_TOTAL,20201231,3,1,2,1,1,1,4,1,0,,1,1,2,1,3,2,0,1,0,0,2,1,2,2,0,0,4,1,2,1,,718661,11580,69.44,69.44,78.57,78.57,70.44,70.44,71.67,71.67,62.5,62.5
Germany,DEU,,,NAT_TOTAL,20201231,3,1,3,1,2,1,4,1,1,1,2,1,1,1,3,2,0,0,0,0,2,1,3,2,0,0,2,1,2,1,,1760520,33791,82.41,82.41,88.1,88.1,73.78,73.78,79.36,79.36,37.5,37.5
Djibouti,DJI,,,NAT_TOTAL,20201231,1,1,1,1,1,1,4,1,0,,0,,0,,1,1,0,0,0,0,2,1,1,2,0,0,2,1,0,,,5831,61,37.96,37.96,46.43,46.43,36.67,36.67,40.38,40.38,12.5,12.5
Dominica,DMA,,,NAT_TOTAL,20201231,,,,,,,,,,,,,,,,,,,,,,,,,,,,,,,,88,0,,,,,,,,,,
Denmark,DNK,,,NAT_TOTAL,20201231,2,0,2,0,2,0,4,1,0,,1,0,0,,3,2,1,2,0,0,2,1,3,1,0,0,2,1,2,1,,163479,1298,51.85,51.85,57.14,57.14,60.44,60.44,54.36,54.36,100,100
Dominican Republic,DOM,,,NAT_TOTAL,20201231,3,1,2,1,2,1,3,1,1,1,2,1,0,,3,1,1,0,0,0,2,1,2,1,0,0,3,1,0,,,170785,2414,70.37,70.37,84.52,84.52,58.33,58.33,63.46,63.46,25,25
Algeria,DZA,,,NAT_TOTAL,20201231,1,1,2,1,1,1,4,1,2,0,2,0,2,0,4,0,,2,0,0,2,1,1,2,0,0,3,1,0,,,99610,2756,72.22,72.22,79.76,79.76,63.89,63.89,66.03,66.03,50,50
Ecuador,ECU,,,NAT_TOTAL,20201231,3,0,2,1,2,1,4,1,1,1,2,1,1,1,1,1,1,2,0,0,2,1,2,1,0,0,3,1,0,,,212512,14034,71.3,71.3,73.81,73.81,65.56,65.56,64.1,64.1,75,75
Egypt,EGY,,,NAT_TOTAL,20201231,2,1,2,1,2,1,4,1,0,,1,1,2,1,1,1,1,2,0,0,2,1,2,2,0,0,3,1,0,,,138062,7631,65.74,65.74,67.86,67.86,65.56,65.56,64.1,64.1,75,75
Eritrea,ERI,,,NAT_TOTAL,20201231,2,1,2,1,2,1,3,1,2,1,2,1,2,1,4,0,,2,0,0,2,1,3,1,0,0,2,1,0,,,1320,3,86.11,86.11,92.86,92.86,71.67,71.67,75,75,50,50
Spain,ESP,,,NAT_TOTAL,20201231,3,1,2,1,2,1,4,1,0,,2,1,2,1,3,2,0,2,0,0,2,1,2,2,0,0,4,1,2,1,,1928265,50837,78.7,78.7,78.57,78.57,79.33,79.33,78.08,78.08,87.5,87.5
Estonia,EST,,,NAT_TOTAL,20201231,3,1,2,0,2,0,4,1,0,,0,,0,,3,0,,2,0,0,2,1,2,1,0,0,2,1,1,1,,27990,229,55.56,55.56,60.71,60.71,52.44,52.44,52.82,52.82,50,50
Ethiopia,ETH,,,NAT_TOTAL,20201231,1,1,1,1,1,1,3,1,1,1,0,,2,0,2,0,,0,0,0,2,1,1,2,0,0,3,1,0,,,124264,1923,51.85,51.85,66.19,66.19,45,45,51.92,51.92,0,0
Finland,FIN,,,NAT_TOTAL,20201231,2,0,2,0,2,0,4,0,0,,1,1,0,,3,2,1,1,0,0,2,1,2,1,0,0,1,1,2,1,,36107,561,52.31,52.31,57.86,57.86,53.5,53.5,50.19,50.19,75,75
Fiji,FJI,,,NAT_TOTAL,20201231,0,,2,1,1,1,2,1,0,,1,1,0,,3,1,1,2,0,0,2,1,3,2,0,0,2,1,0,,,49,2,41.67,41.67,52.38,52.38,51.67,51.67,48.08,48.08,75,75
France,FRA,,,NAT_TOTAL,20201231,2,1,2,1,2,1,4,1,0,,2,1,0,,3,2,1,0,0,0,2,1,3,2,0,0,4,0,1,1,,2616902,64267,63.89,63.89,71.43,71.43,65.5,65.5,67.88,67.88,50,50
Faeroe Islands,FRO,,,NAT_TOTAL,20201231,0,,2,0,2,0,2,1,0,,0,,0,,2,1,1,2,0,0,2,1,3,2,0,0,0,,0,,,610,0,36.11,36.11,38.1,38.1,45,45,40.38,40.38,75,75
Gabon,GAB,,,NAT_TOTAL,20201231,0,,2,1,2,1,3,1,2,1,1,1,2,1,3,2,0,2,0,0,2,1,3,2,0,0,3,1,0,,,9571,64,72.22,72.22,78.57,78.57,73.33,73.33,71.15,71.15,87.5,87.5
United Kingdom,GBR,,,NAT_TOTAL,20201231,2,0,3,0,2,1,4,1,1,1,1,1,2,0,2,2,1,2,0,0,2,1,2,1,0,0,2,1,3,1,,2488780,73512,71.3,71.3,72.62,72.62,71.22,71.22,66.79,66.79,100,100
United Kingdom,GBR,England,UK_ENG,STATE_TOTAL,20201231,1,1,3,0,2,1,4,1,1,1,2,0,2,0,2,2,1,2,0,0,2,1,2,2,0,0,2,1,3,1,,2292098,64118,71.3,71.3,72.62,72.62,74.56,74.56,70.64,70.64,100,100
United Kingdom,GBR,Northern Ireland,UK_NIR,STATE_TOTAL,20201231,1,1,2,1,2,1,4,1,1,1,1,1,1,1,2,2,1,2,0,0,2,1,2,1,0,0,2,1,3,1,,74968,1322,64.81,64.81,72.62,72.62,67.33,67.33,62.31,62.31,100,100
United Kingdom,GBR,Scotland,UK_SCO,STATE_TOTAL,20201231,2,1,3,1,2,1,4,1,1,1,1,1,2,1,2,2,1,2,0,0,2,1,2,1,0,0,2,1,3,1,,132659,4578,77.78,77.78,84.52,84.52,75.11,75.11,71.28,71.28,100,100
United Kingdom,GBR,Wales,UK_WAL,STATE_TOTAL,20201231,2,1,3,1,2,1,4,1,1,1,2,1,2,1,2,2,1,2,0,0,2,1,2,1,0,0,2,1,3,1,,156502,3494,81.48,81.48,84.52,84.52,77.33,77.33,73.85,73.85,100,100
Georgia,GEO,,,NAT_TOTAL,20201231,3,0,2,1,2,1,4,1,2,0,3,0,2,0,3,1,0,1,0,0,2,1,2,2,0,0,3,1,0,,,227420,2505,84.26,84.26,80.95,80.95,71.67,71.67,76.92,76.92,37.5,37.5
Ghana,GHA,,,NAT_TOTAL,20201231,2,1,1,1,1,1,3,1,0,,0,,0,,1,0,,0,0,0,2,1,3,2,0,0,4,1,0,,,54771,335,38.89,38.89,47.14,47.14,43.33,43.33,50,50,0,0
Guinea,GIN,,,NAT_TOTAL,20201231,1,1,1,1,1,1,0,,0,,2,0,2,0,1,0,,0,0,0,2,1,2,2,0,0,3,1,2,1,,13722,81,40.74,40.74,51.19,51.19,43.22,43.22,49.87,49.87,0,0
Gambia,GMB,,,NAT_TOTAL,20201231,1,1,0,,2,1,4,1,1,1,0,,0,,1,0,,0,0,0,2,1,2,2,0,0,3,1,0,,,3797,124,45.37,45.37,48.81,48.81,43.33,43.33,50,50,0,0
Greece,GRC,,,NAT_TOTAL,20201231,3,1,2,1,2,1,4,1,1,1,2,1,2,1,3,2,0,2,0,0,2,1,2,2,0,0,4,1,2,1,,138850,4838,84.26,84.26,88.1,88.1,82.67,82.67,81.92,81.92,87.5,87.5
Greenland,GRL,,,NAT_TOTAL,20201231,1,1,,,1,1,2,1,0,,0,,0,,4,0,,0,0,0,2,1,2,2,0,0,2,1,0,,,27,0,37.04,37.04,45.24,45.24,36.67,36.67,42.31,42.31,0,0
Guatemala,GTM,,,NAT_TOTAL,20201231,3,1,1,1,1,1,4,0,1,1,0,,0,,2,1,0,2,0,0,2,1,2,1,0,0,3,1,0,,,138012,4813,52.31,52.31,63.81,63.81,52.5,52.5,50.96,50.96,62.5,62.5
Guam,GUM,,,NAT_TOTAL,20201231,2,1,2,1,2,1,4,1,0,,1,1,1,1,2,1,0,1,0,0,2,1,3,2,0,0,3,1,0,,,7308,121,62.96,62.96,66.67,66.67,61.11,61.11,64.74,64.74,37.5,37.5
Guyana,GUY,,,NAT_TOTAL,20201231,2,1,1,1,2,1,4,1,,,2,1,2,0,1,0,,1,9585880,0,2,1,2,2,0,0,3,1,0,,,6332,164,62.96,62.96,60.71,60.71,57.22,57.22,62.18,62.18,25,25
Hong Kong,HKG,,,NAT_TOTAL,20201231,2,1,2,1,2,1,4,1,1,1,1,1,1,1,3,1,1,2,0,0,2,1,3,2,0,0,2,1,0,,,8846,148,71.3,71.3,79.76,79.76,69.44,69.44,68.59,68.59,75,75
Honduras,HND,,,NAT_TOTAL,20201231,,,,,,,,,,,,,,,,,,,,,,,,,,,,,,,,121827,3130,,,,,,,,,,
Croatia,HRV,,,NAT_TOTAL,20201231,1,1,2,1,1,1,4,1,0,,0,,0,,3,1,0,1,0,0,2,1,3,2,0,0,3,1,2,1,,210837,3920,47.22,47.22,57.14,57.14,54.33,54.33,56.92,56.92,37.5,37.5
Haiti,HTI,,,NAT_TOTAL,20201231,1,1,0,,0,,3,1,0,,0,,0,,2,1,1,1,0,0,2,1,2,1,0,0,3,1,0,,,10015,236,28.7,28.7,40,40,36.67,36.67,34.62,34.62,50,50
Hungary,HUN,,,NAT_TOTAL,20201231,2,1,2,1,2,1,4,1,1,1,2,1,0,,4,1,0,1,0,0,2,1,2,1,0,0,2,1,1,1,,322514,9537,72.22,72.22,84.52,84.52,60.78,60.78,64.36,64.36,37.5,37.5
Indonesia,IDN,,,NAT_TOTAL,20201231,2,0,2,0,2,0,4,0,1,0,1,0,2,1,3,1,0,1,0,0,2,1,1,1,0,0,4,1,0,,,743198,22138,64.35,64.35,69.76,69.76,55.83,55.83,58.65,58.65,37.5,37.5
India,IND,,,NAT_TOTAL,20201231,3,0,2,0,2,0,4,0,1,1,2,0,1,1,3,0,,2,0,0,2,1,2,2,0,0,4,0,0,,,10266674,148738,68.98,68.98,73.33,73.33,65,65,67.31,67.31,50,50
Ireland,IRL,,,NAT_TOTAL,20201231,3,1,2,1,1,1,4,1,1,1,2,1,1,1,3,2,1,1,0,0,2,1,2,2,0,0,2,1,0,,,91779,2237,73.15,73.15,84.52,84.52,68.33,68.33,67.31,67.31,75,75
Iran,IRN,,,NAT_TOTAL,20201231,,,,,,,,,,,,,,,,,,,,,,,,,,,,,,,,1225142,55223,,,,,,,,,,
Iraq,IRQ,,,NAT_TOTAL,20201231,1,1,2,1,1,1,1,1,1,1,1,1,1,1,3,1,1,1,0,0,2,1,1,1,0,0,4,1,0,,,595291,12813,53.7,53.7,71.43,71.43,51.11,51.11,51.28,51.28,50,50
Iceland,ISL,,,NAT_TOTAL,20201231,1,1,2,1,2,1,4,1,0,,0,,0,,3,2,0,2,0,0,2,1,3,2,0,0,2,1,2,1,,5754,29,52.78,52.78,57.14,57.14,62.67,62.67,58.85,58.85,87.5,87.5
Israel,ISR,,,NAT_TOTAL,20201231,2,0,3,1,2,1,3,1,1,1,2,1,2,0,3,2,1,2,0,0,2,1,2,2,0,0,4,1,3,1,,423262,3325,76.85,76.85,80.95,80.95,81.22,81.22,78.33,78.33,100,100
Italy,ITA,,,NAT_TOTAL,20201231,3,1,3,1,2,1,4,1,1,1,2,1,2,1,3,1,1,2,0,0,2,1,2,1,0,0,3,1,2,1,,2107166,74159,87.96,87.96,91.67,91.67,78.22,78.22,78.72,78.72,75,75
Jamaica,JAM,,,NAT_TOTAL,20201231,2,1,1,1,2,1,3,1,1,1,2,1,2,1,2,1,1,1,0,0,2,1,2,2,0,0,3,1,0,,,12827,302,71.3,71.3,77.38,77.38,65.56,65.56,67.95,67.95,50,50
Jordan,JOR,,,NAT_TOTAL,20201231,3,1,2,1,2,1,3,1,1,1,2,1,2,1,3,1,0,1,0,0,2,1,2,2,0,0,3,1,0,,,294494,3834,81.48,81.48,88.1,88.1,70,70,75,75,37.5,37.5
Japan,JPN,,,NAT_TOTAL,20201231,1,1,1,1,1,1,0,,1,1,2,0,1,1,4,1,1,1,0,0,2,1,3,2,0,0,1,1,0,,,235811,3292,51.85,51.85,71.43,71.43,52.78,52.78,53.21,53.21,50,50
Kazakhstan,KAZ,,,NAT_TOTAL,20201231,3,0,2,1,2,1,4,1,0,,1,1,2,0,3,0,,0,0,0,2,1,1,0,0,0,3,1,0,,,201196,2761,70.37,70.37,70.24,70.24,49.44,49.44,57.05,57.05,0,0
Kenya,KEN,,,NAT_TOTAL,20201231,2,1,1,1,2,1,3,1,1,1,2,1,1,1,1,0,,1,0,0,2,1,2,2,0,0,3,1,0,,,96458,1670,62.96,62.96,70.24,70.24,57.22,57.22,62.18,62.18,25,25
Kyrgyz Republic,KGZ,,,NAT_TOTAL,20201231,2,0,2,0,0,,4,1,0,,1,0,0,,2,0,,2,0,0,2,1,2,1,0,0,3,1,0,,,81034,1355,40.74,40.74,53.57,53.57,43.89,43.89,42.95,42.95,50,50
Cambodia,KHM,,,NAT_TOTAL,20201231,2,1,2,1,2,1,3,1,0,,2,1,0,,2,2,0,1,0,0,2,1,1,1,0,0,2,0,0,,,378,0,58.33,58.33,67.86,67.86,51.39,51.39,49.68,49.68,62.5,62.5
South Korea,KOR,,,NAT_TOTAL,20201231,2,1,1,1,2,1,4,0,0,,1,1,1,1,3,1,1,1,0,0,2,1,3,2,0,0,3,1,0,,,61769,917,60.65,60.65,66.67,66.67,61.39,61.39,63.14,63.14,50,50
Kuwait,KWT,,,NAT_TOTAL,20201231,3,1,1,1,2,1,2,1,1,1,1,1,1,1,2,1,0,1,0,0,2,1,3,2,0,0,3,1,3,1,,150584,934,62.96,62.96,76.19,76.19,65.11,65.11,69.36,69.36,37.5,37.5
Laos,LAO,,,NAT_TOTAL,20201231,0,,2,1,0,,0,,0,,0,,0,,4,2,0,2,0,0,2,1,2,2,0,0,4,1,0,,,41,0,29.63,29.63,39.29,39.29,47.22,47.22,41.03,41.03,87.5,87.5
Lebanon,LBN,,,NAT_TOTAL,20201231,3,1,2,1,2,1,4,1,2,1,2,1,2,1,2,0,,1,0,0,2,1,2,1,0,0,3,1,0,,,181503,1468,87.04,87.04,89.29,89.29,68.33,68.33,75,75,25,25
Liberia,LBR,,,NAT_TOTAL,20201231,0,,2,1,1,1,3,1,1,1,0,,0,,1,0,,0,0,0,1,1,1,1,0,0,3,1,0,,,1779,83,35.19,35.19,44.76,44.76,31.67,31.67,36.54,36.54,0,0
Libya,LBY,,,NAT_TOTAL,20201231,2,1,2,1,2,1,4,1,2,1,2,0,2,1,1,0,,0,0,0,2,1,1,0,0,0,3,1,0,,,100277,1478,78.7,78.7,82.14,82.14,54.44,54.44,62.82,62.82,0,0
Sri Lanka,LKA,,,NAT_TOTAL,20201231,2,0,3,0,2,0,4,0,2,0,3,0,2,0,3,0,,2,0,0,2,1,2,2,0,0,4,1,0,,,43299,204,78.24,78.24,74.52,74.52,71.39,71.39,74.68,74.68,50,50
Lesotho,LSO,,,NAT_TOTAL,20201231,1,1,1,1,1,1,2,1,0,,1,1,0,,1,0,,0,0,0,2,1,1,1,0,0,4,1,0,,,3094,51,36.11,36.11,48.81,48.81,33.89,33.89,39.1,39.1,0,0
Lithuania,LTU,,,NAT_TOTAL,20201231,3,1,3,1,2,1,4,1,0,,2,1,2,1,3,1,0,2,0,0,1,1,2,1,0,0,3,1,2,1,,140579,1458,76.85,76.85,77.38,77.38,69.89,69.89,71.03,71.03,62.5,62.5
Luxembourg,LUX,,,NAT_TOTAL,20201231,3,1,2,1,2,1,4,1,1,1,1,1,2,1,3,1,0,2,0,0,2,1,3,2,0,0,3,1,2,1,,46415,495,80.56,80.56,88.1,88.1,77.67,77.67,80,80,62.5,62.5
Latvia,LVA,,,NAT_TOTAL,20201231,2,1,3,1,2,1,4,1,0,,1,1,0,,3,2,1,2,0,0,2,1,2,1,0,0,3,1,1,1,,40904,635,63.89,63.89,71.43,71.43,65.78,65.78,60.51,60.51,100,100
Macao,MAC,,,NAT_TOTAL,20201231,1,1,0,,0,,0,,0,,0,,0,,3,1,1,2,0,0,2,1,3,2,0,0,2,1,0,,,46,0,23.15,23.15,32.14,32.14,40.56,40.56,35.26,35.26,75,75
Morocco,MAR,,,NAT_TOTAL,20201231,2,1,2,1,2,1,4,1,1,1,2,1,2,1,3,1,1,0,0,0,2,1,2,1,0,0,3,1,0,,,439193,7388,80.56,80.56,84.52,84.52,64.44,64.44,70.51,70.51,25,25
Monaco,MCO,,,NAT_TOTAL,20201231,,,,,,,,,,,,,,,,,,,,,,,,,,,,,,,,875,3,,,,,,,,,,
Moldova,MDA,,,NAT_TOTAL,20201231,1,1,2,1,2,1,4,1,0,,1,0,1,0,3,1,0,1,0,0,2,1,2,2,0,0,3,1,0,,,144818,2985,57.41,57.41,61.9,61.9,55.56,55.56,58.33,58.33,37.5,37.5
Madagascar,MDG,,,NAT_TOTAL,20201231,1,1,0,,0,,2,1,0,,0,,2,0,3,1,1,1,0,0,2,1,1,1,0,0,4,1,0,,,17714,261,37.04,37.04,50.24,50.24,41.11,41.11,39.74,39.74,50,50
Mexico,MEX,,,NAT_TOTAL,20201231,3,1,3,0,2,1,3,0,1,1,2,0,2,0,1,1,1,2,0,0,2,1,1,1,0,0,4,0,2,1,,1426094,125807,71.76,71.76,76.19,76.19,67.11,67.11,65.9,65.9,75,75
Mali,MLI,,,NAT_TOTAL,20201231,3,1,2,1,2,1,3,1,0,,0,,0,,1,0,,0,0,0,2,1,3,2,0,0,3,1,0,,,7090,269,51.85,51.85,57.14,57.14,49.44,49.44,57.05,57.05,0,0
Malta,MLT,,,NAT_TOTAL,20201231,1,1,2,1,2,1,4,1,0,,0,,0,,3,2,0,1,,,2,1,3,2,,,4,1,1,1,,12774,219,52.78,52.78,57.14,57.14,61.33,61.33,61.15,61.15,62.5,62.5
Myanmar,MMR,,,NAT_TOTAL,20201231,,,,,,,,,,,,,,,,,,,,,,,,,,,,,,,,124630,2682,,,,,,,,,,
Mongolia,MNG,,,NAT_TOTAL,20201231,3,0,3,0,2,0,4,0,1,0,2,0,2,0,4,1,1,2,0,0,2,1,2,2,0,0,3,1,0,,,1220,1,75.46,75.46,75.71,75.71,71.39,71.39,70.83,70.83,75,75
Mozambique,MOZ,,,NAT_TOTAL,20201231,2,1,1,1,2,1,3,1,1,1,0,,0,,3,0,,0,0,0,2,1,1,2,0,0,3,1,0,,,18642,166,55.56,55.56,66.67,66.67,47.22,47.22,54.49,54.49,0,0
Mauritania,MRT,,,NAT_TOTAL,20201231,3,1,2,1,2,1,2,1,0,,0,,0,,2,0,,0,0,0,2,1,1,2,0,0,3,1,0,,,14364,347,51.85,51.85,60.71,60.71,45,45,51.92,51.92,0,0
Mauritius,MUS,,,NAT_TOTAL,20201231,0,,0,,0,,0,,0,,0,,0,,2,2,1,0,0,0,2,1,2,2,0,0,1,1,0,,,527,10,16.67,16.67,21.43,21.43,29.44,29.44,26.28,26.28,50,50
Malawi,MWI,,,NAT_TOTAL,20201231,2,1,2,1,1,1,2,1,0,,0,,0,,4,1,0,2,0,0,2,1,2,2,0,0,3,1,0,,,6583,189,48.15,48.15,59.52,59.52,53.33,53.33,51.92,51.92,62.5,62.5
Malaysia,MYS,,,NAT_TOTAL,20201231,3,1,2,1,1,1,4,0,1,1,2,0,1,0,3,1,1,2,0,0,2,1,3,2,0,0,2,1,0,,,113010,471,67.13,67.13,78.1,78.1,66.94,66.94,65.71,65.71,75,75
Namibia,NAM,,,NAT_TOTAL,20201231,0,,1,1,1,1,3,1,0,,2,1,0,,1,0,,0,0,0,2,1,2,2,0,0,3,1,0,,,23941,205,38.89,38.89,47.14,47.14,39.44,39.44,45.51,45.51,0,0
Niger,NER,,,NAT_TOTAL,20201231,0,,1,1,1,1,2,1,0,,0,,0,,2,0,,0,0,0,2,1,3,0,0,0,3,0,0,,,3323,104,31.48,31.48,38.1,38.1,29.72,29.72,34.29,34.29,0,0
Nigeria,NGA,,,NAT_TOTAL,20201231,3,1,1,1,1,1,3,1,0,,2,1,1,1,2,0,,0,0,0,2,1,1,2,0,0,3,1,0,,,87607,1289,58.33,58.33,65,65,48.89,48.89,56.41,56.41,0,0
Nicaragua,NIC,,,NAT_TOTAL,20201231,0,,0,,0,,0,,0,,0,,0,,1,0,,0,0,0,1,1,1,0,0,0,0,,0,,,6046,165,8.33,8.33,13.1,13.1,7.22,7.22,8.33,8.33,0,0
Netherlands,NLD,,,NAT_TOTAL,20201231,3,1,3,1,2,1,4,1,2,1,1,1,1,1,3,2,1,2,0,0,2,1,2,1,0,0,2,1,0,,,796981,11432,84.26,84.26,91.67,91.67,75,75,71.15,71.15,100,100
Norway,NOR,,,NAT_TOTAL,20201231,1,1,1,1,2,1,4,0,0,,1,1,1,1,2,2,1,0,0,0,2,1,2,2,0,0,2,0,1,1,,49567,436,54.17,54.17,59.52,59.52,54.11,54.11,54.74,54.74,50,50
Nepal,NPL,,,NAT_TOTAL,20201231,2,0,1,1,2,0,3,1,1,1,1,1,1,1,3,1,1,1,0,0,2,1,1,1,0,0,4,1,1,1,,260593,1856,60.19,60.19,69.76,69.76,56.33,56.33,57.31,57.31,50,50
New Zealand,NZL,,,NAT_TOTAL,20201231,0,,0,,0,,0,,0,,0,,0,,4,2,1,2,0,0,2,1,3,2,0,0,2,0,0,,,2162,25,22.22,22.22,28.57,28.57,42.5,42.5,33.65,33.65,100,100
Oman,OMN,,,NAT_TOTAL,20201231,1,1,0,,2,1,4,1,0,,0,,0,,2,0,,1,0,0,1,1,2,1,0,0,3,1,2,1,,128867,1499,37.04,37.04,38.1,38.1,41,41,43.46,43.46,25,25
Pakistan,PAK,,,NAT_TOTAL,20201231,3,1,3,0,2,0,4,0,0,,3,0,0,,2,1,1,2,0,0,2,1,2,2,0,0,4,1,0,,,482178,10176,64.35,64.35,68.57,68.57,66.39,66.39,65.06,65.06,75,75
Panama,PAN,,,NAT_TOTAL,20201231,3,1,2,1,2,1,4,1,0,,3,1,2,1,1,1,1,2,0,0,2,1,3,2,0,0,4,1,0,,,246790,4022,76.85,76.85,71.43,71.43,76.11,76.11,76.28,76.28,75,75
Peru,PER,,,NAT_TOTAL,20201231,2,1,2,1,2,1,4,1,0,,2,1,0,,2,1,1,1,0,0,2,1,2,2,0,0,3,1,0,,,1015137,37680,61.11,61.11,67.86,67.86,59.44,59.44,60.9,60.9,50,50
Philippines,PHL,,,NAT_TOTAL,20201231,3,0,2,0,2,0,2,0,0,,2,0,1,1,2,1,1,2,0,0,2,1,2,2,0,0,2,1,0,,,474064,9244,55.09,55.09,58.33,58.33,57.5,57.5,54.81,54.81,75,75
Papua New Guinea,PNG,,,NAT_TOTAL,20201231,0,,2,1,1,1,0,,0,,0,,0,,2,0,,2,0,0,2,1,1,2,0,0,3,1,0,,,780,9,29.63,29.63,41.67,41.67,38.33,38.33,36.54,36.54,50,50
Poland,POL,,,NAT_TOTAL,20201231,2,1,2,1,2,1,4,1,1,1,1,1,2,1,3,2,1,1,0,0,2,1,2,2,0,0,3,1,2,1,,1294878,28554,76.85,76.85,84.52,84.52,74.89,74.89,74.87,74.87,75,75
Puerto Rico,PRI,,,NAT_TOTAL,20201231,3,1,2,1,2,1,2,1,1,0,2,1,1,0,2,1,1,2,0,0,2,1,3,2,0,0,3,1,0,,,76291,1503,64.81,64.81,76.19,76.19,67.22,67.22,66.03,66.03,75,75
Portugal,PRT,,,NAT_TOTAL,20201231,3,0,2,0,2,1,4,1,1,1,2,0,2,1,3,1,1,1,0,0,2,1,3,1,0,0,,,2,1,,413678,6906,78.7,78.7,80.95,80.95,66.56,66.56,69.1,69.1,50,50
Paraguay,PRY,,,NAT_TOTAL,20201231,3,1,1,1,2,1,2,1,0,,2,1,0,,1,1,1,2,0,0,2,1,2,2,0,0,3,1,0,,,107932,2262,52.78,52.78,64.29,64.29,57.78,57.78,55.13,55.13,75,75
Palestine,PSE,,,NAT_TOTAL,20201231,3,0,3,0,0,,3,0,1,0,3,0,2,0,2,0,,0,0,0,2,1,1,1,,,1,1,0,,,138004,1400,62.5,62.5,66.9,66.9,44.72,44.72,51.6,51.6,0,0
Qatar,QAT,,,NAT_TOTAL,20201231,2,1,1,1,2,1,3,1,1,1,1,1,0,,2,2,0,1,0,0,2,1,3,2,0,0,4,1,2,1,,143834,245,56.48,56.48,70.24,70.24,64.89,64.89,65.26,65.26,62.5,62.5
Kosovo,RKS,,,NAT_TOTAL,20201231,1,1,2,1,2,1,4,1,1,1,2,1,2,1,2,2,1,2,0,0,2,1,3,2,0,0,4,1,0,,,51144,1332,74.07,74.07,77.38,77.38,77.78,77.78,74.36,74.36,100,100
Romania,ROU,,,NAT_TOTAL,20201231,3,1,2,1,2,1,4,1,0,,2,0,2,1,3,2,0,2,0,0,2,1,2,2,0,0,4,1,1,1,,632263,15767,76.85,76.85,78.57,78.57,76.89,76.89,75.26,75.26,87.5,87.5
Russia,RUS,,,NAT_TOTAL,20201231,2,0,2,0,2,0,3,0,0,,1,0,0,,3,1,0,1,0,0,2,1,3,2,0,0,2,1,0,,,3127347,56271,47.69,47.69,52.38,52.38,50.28,50.28,52.24,52.24,37.5,37.5
Rwanda,RWA,,,NAT_TOTAL,20201231,1,1,2,0,2,1,1,1,1,1,2,1,2,0,2,1,0,2,0,0,2,1,3,2,0,0,3,1,0,,,8383,92,61.11,61.11,70.24,70.24,63.33,63.33,63.46,63.46,62.5,62.5
Saudi Arabia,SAU,,,NAT_TOTAL,20201231,3,1,0,,2,1,3,1,0,,0,,0,,4,2,0,1,0,0,2,1,3,2,0,,3,1,3,1,,362741,6223,52.78,52.78,57.14,57.14,62.33,62.33,62.31,62.31,62.5,62.5
Sudan,SDN,,,NAT_TOTAL,20201231,3,1,1,1,0,,0,,0,,0,,0,,3,1,1,0,0,0,1,1,1,1,0,0,1,1,0,,,23316,1468,28.7,28.7,41.67,41.67,27.78,27.78,28.21,28.21,25,25
Senegal,SEN,,,NAT_TOTAL,20201231,0,,2,1,2,1,2,1,0,,0,,0,,3,0,,0,0,0,2,1,2,2,0,0,4,1,0,,,19140,410,43.52,43.52,50,50,43.89,43.89,50.64,50.64,0,0
Singapore,SGP,,,NAT_TOTAL,20201231,1,1,2,1,2,1,4,1,0,,1,1,0,,3,2,1,2,0,0,2,1,3,2,0,0,4,1,1,1,,58599,29,56.48,56.48,64.29,64.29,68.56,68.56,63.72,63.72,100,100
Solomon Islands,SLB,,,NAT_TOTAL,20201231,0,,0,,1,1,0,,1,1,0,,1,0,3,0,,0,0,0,2,1,1,0,0,0,4,1,0,,,17,0,33.33,33.33,48.81,48.81,28.89,28.89,33.33,33.33,0,0
Sierra Leone,SLE,,,NAT_TOTAL,20201231,1,1,0,,1,1,3,1,1,1,0,,0,,1,0,,0,0,0,2,1,2,2,0,0,3,1,0,,,2611,76,37.04,37.04,45.95,45.95,38.33,38.33,44.23,44.23,0,0
El Salvador,SLV,,,NAT_TOTAL,20201231,3,1,1,1,1,1,1,1,0,,2,1,1,0,1,1,1,2,0,0,2,1,3,1,0,0,3,1,0,,,45960,1327,47.22,47.22,59.52,59.52,53.33,53.33,50,50,75,75
San Marino,SMR,,,NAT_TOTAL,20201231,3,1,2,1,1,1,4,1,0,,2,1,2,1,2,1,1,2,0,0,2,1,3,2,0,0,3,1,0,,,2428,59,70.37,70.37,75,75,70.56,70.56,69.87,69.87,75,75
Somalia,SOM,,,NAT_TOTAL,20201231,1,1,0,,1,1,4,1,0,,1,1,0,,1,0,,0,0,0,2,1,2,1,0,0,2,1,0,,,4714,130,37.96,37.96,46.43,46.43,33.89,33.89,39.1,39.1,0,0
Serbia,SRB,,,NAT_TOTAL,20201231,2,1,2,1,2,1,4,1,0,,1,1,1,1,1,2,0,1,0,0,2,1,2,2,0,0,3,1,1,1,,337923,3211,60.19,60.19,63.1,63.1,61.89,61.89,61.79,61.79,62.5,62.5
South Sudan,SSD,,,NAT_TOTAL,20201231,1,1,0,,2,1,2,1,0,,2,1,1,1,1,0,,0,0,0,2,1,2,1,0,0,2,1,0,,,3558,63,47.22,47.22,50,50,39.44,39.44,45.51,45.51,0,0
Suriname,SUR,,,NAT_TOTAL,20201231,3,1,2,1,2,1,4,1,0,,2,1,0,,3,0,,2,0,0,2,1,2,1,0,0,4,1,0,,,6210,122,67.59,67.59,75,75,61.67,61.67,63.46,63.46,50,50
Slovak Republic,SVK,,,NAT_TOTAL,20201231,1,1,2,1,2,1,0,,0,,2,1,0,,2,2,0,2,0,0,2,1,3,2,0,0,4,1,1,1,,179543,2138,46.3,46.3,64.29,64.29,60.78,60.78,56.67,56.67,87.5,87.5
Slovenia,SVN,,,NAT_TOTAL,20201231,3,1,2,1,2,1,4,1,0,,0,,2,1,2,2,1,1,0,0,2,1,2,2,0,0,4,1,2,1,,122152,2697,68.52,68.52,75,75,71.56,71.56,71.03,71.03,75,75
Sweden,SWE,,,NAT_TOTAL,20201231,2,1,2,1,2,1,4,1,1,1,1,1,1,1,3,2,0,1,0,0,2,1,2,1,0,0,0,,1,1,,437379,8727,71.3,71.3,79.76,79.76,60.22,60.22,59.87,59.87,62.5,62.5
Eswatini,SWZ,,,NAT_TOTAL,20201231,2,1,1,1,2,1,3,1,0,,1,1,2,1,1,0,,1,0,0,2,1,2,1,0,0,4,1,0,,,9358,205,59.26,59.26,64.29,64.29,53.33,53.33,57.69,57.69,25,25
Seychelles,SYC,,,NAT_TOTAL,20201231,1,1,0,,1,1,1,1,0,,0,,0,,3,2,0,1,0,0,2,1,2,2,0,0,1,1,0,,,256,0,31.48,31.48,41.67,41.67,40,40,36.54,36.54,62.5,62.5
Syria,SYR,,,NAT_TOTAL,20201231,2,0,2,1,1,1,2,0,1,1,1,1,2,0,3,0,,0,0,0,1,1,1,1,0,0,2,1,0,,,11434,711,54.17,54.17,66.67,66.67,41.39,41.39,47.76,47.76,0,0
Chad,TCD,,,NAT_TOTAL,20201231,1,1,1,1,1,1,4,1,1,1,1,1,2,1,2,0,,1,0,0,2,1,1,2,0,0,4,1,0,,,2113,104,61.11,61.11,73.81,73.81,55.56,55.56,60.26,60.26,25,25
Togo,TGO,,,NAT_TOTAL,20201231,1,1,2,1,2,1,3,1,1,1,2,1,2,0,2,1,1,2,0,0,2,1,2,1,0,0,4,1,0,,,3633,68,68.52,68.52,73.81,73.81,65.56,65.56,64.1,64.1,75,75
Thailand,THA,,,NAT_TOTAL,20201231,3,0,3,0,1,1,2,1,1,1,1,1,2,0,2,2,1,2,0,0,2,1,2,2,0,0,3,0,0,,,7163,63,63.89,63.89,71.43,71.43,66.94,66.94,61.86,61.86,100,100
Tajikistan,TJK,,,NAT_TOTAL,20201231,0,,0,,2,1,3,1,0,,0,,0,,3,1,1,1,0,0,2,1,1,1,0,0,3,1,0,,,13296,90,38.89,38.89,39.29,39.29,40.56,40.56,39.1,39.1,50,50
Turkmenistan,TKM,,,NAT_TOTAL,20201231,1,1,2,1,1,1,1,1,1,1,0,,2,0,4,0,,0,0,0,2,1,0,0,0,0,3,1,0,,,,,55.56,55.56,75,75,38.33,38.33,44.23,44.23,0,0
Timor-Leste,TLS,,,NAT_TOTAL,20201231,1,1,0,,1,1,4,1,0,,2,1,1,0,4,1,1,0,0,0,2,1,3,2,0,0,3,1,0,,,44,0,52.78,52.78,60.71,60.71,53.33,53.33,57.69,57.69,25,25
Tonga,TON,,,NAT_TOTAL,20201231,1,1,0,,1,1,3,1,0,,2,1,0,,4,0,,0,0,0,2,1,1,1,0,0,0,,0,,,,,47.22,47.22,57.86,57.86,33.89,33.89,39.1,39.1,0,0
Trinidad and Tobago,TTO,,,NAT_TOTAL,20201231,3,1,2,1,2,1,4,1,1,1,0,,0,,4,1,0,0,0,0,2,1,1,2,0,0,4,1,0,,,7150,127,68.52,68.52,77.38,77.38,58.33,58.33,65.38,65.38,12.5,12.5
Tunisia,TUN,,,NAT_TOTAL,20201231,2,1,1,1,2,1,4,1,0,,2,1,2,1,2,1,1,1,0,0,2,1,1,2,0,0,4,1,0,,,139140,4676,68.52,68.52,67.86,67.86,63.33,63.33,65.38,65.38,50,50
Turkey,TUR,,,NAT_TOTAL,20201231,2,1,2,1,2,1,4,0,1,1,3,1,2,1,2,2,0,2,0,0,2,1,2,2,0,0,4,1,0,,,2208652,20881,80.09,80.09,80.95,80.95,77.5,77.5,75.96,75.96,87.5,87.5
Taiwan,TWN,,,NAT_TOTAL,20201231,0,,0,,0,,0,,0,,0,,0,,3,1,0,1,0,0,2,1,3,2,0,0,2,1,0,,,799,7,19.44,19.44,25,25,33.33,33.33,32.69,32.69,37.5,37.5
Tanzania,TZA,,,NAT_TOTAL,20201231,1,1,0,,0,,0,,0,,0,,0,,1,0,,0,0,0,0,,1,0,0,0,2,0,0,,,509,21,6.48,6.48,10.71,10.71,8.61,8.61,9.94,9.94,0,0
Uganda,UGA,,,NAT_TOTAL,20201231,2,1,2,1,1,1,2,1,0,,2,1,0,,1,0,,0,0,0,2,1,1,1,0,0,2,0,0,,,35216,251,47.22,47.22,59.52,59.52,36.39,36.39,41.99,41.99,0,0
Ukraine,UKR,,,NAT_TOTAL,20201231,3,0,2,0,1,0,3,0,2,0,1,1,2,0,2,1,0,1,0,0,2,1,3,2,0,0,2,1,0,,,1086997,19281,61.57,61.57,66.9,66.9,58.61,58.61,61.86,61.86,37.5,37.5
Uruguay,URY,,,NAT_TOTAL,20201231,1,1,2,1,2,1,4,1,1,1,1,1,1,1,4,2,0,2,0,0,2,1,3,1,0,0,2,1,0,,,19119,181,70.37,70.37,79.76,79.76,67.22,67.22,64.1,64.1,87.5,87.5
United States,USA,,,NAT_TOTAL,20201231,3,0,2,0,2,0,4,0,1,1,2,0,2,0,3,2,0,1,0,0,2,1,3,1,0,0,4,0,2,1,,20026231,345859,71.76,71.76,73.33,73.33,69.89,69.89,71.03,71.03,62.5,62.5
United States,USA,Alaska,US_AK,STATE_TOTAL,20201231,3,0,2,0,2,0,4,0,0,,1,0,2,1,3,1,0,1,,,2,1,3,1,,,3,0,2,1,,46986,206,65.28,65.28,68.57,68.57,61,61,64.62,64.62,37.5,37.5
United States,USA,Alabama,US_AL,STATE_TOTAL,20201231,2,0,1,1,1,1,0,,0,,1,1,1,1,3,1,0,1,0,0,2,1,3,1,0,0,3,1,2,1,,361226,4827,43.52,43.52,58.33,58.33,48.78,48.78,50.51,50.51,37.5,37.5
United States,USA,Arkansas,US_AR,STATE_TOTAL,20201231,2,0,2,0,1,1,3,1,1,0,1,1,1,1,3,1,1,1,,,2,1,2,2,,,3,1,2,0,,225138,3676,56.48,56.48,65,65,58.67,58.67,60,60,50,50
United States,USA,Arizona,US_AZ,STATE_TOTAL,20201231,3,0,1,1,2,1,3,1,0,,1,1,1,1,3,2,0,1,0,0,2,1,3,2,0,0,3,0,2,1,,520207,8864,61.11,61.11,66.67,66.67,65.17,65.17,65.58,65.58,62.5,62.5
United States,USA,California,US_CA,STATE_TOTAL,20201231,3,0,2,0,2,0,4,0,0,,2,0,2,0,3,2,0,2,,,2,1,3,2,,,3,1,2,1,,2291007,25897,66.2,66.2,63.81,63.81,72.39,72.39,70.06,70.06,87.5,87.5
United States,USA,Colorado,US_CO,STATE_TOTAL,20201231,2,0,2,0,1,1,4,1,1,0,1,0,1,0,3,1,0,2,,,2,1,2,2,,,2,1,2,1,,334097,4814,54.63,54.63,63.1,63.1,58.22,58.22,57.56,57.56,62.5,62.5
United States,USA,Connecticut,US_CT,STATE_TOTAL,20201231,2,0,2,1,1,1,4,1,1,1,1,0,2,1,3,1,1,2,,,2,1,3,2,,,3,1,2,1,,185708,5995,67.59,67.59,80.95,80.95,71.56,71.56,71.03,71.03,75,75
United States,USA,Washington DC,US_DC,STATE_TOTAL,20201231,1,1,3,1,2,1,3,1,0,,1,1,1,1,3,1,1,1,,,2,1,3,2,,,3,1,2,1,,28983,786,62.96,62.96,70.24,70.24,65.44,65.44,67.82,67.82,50,50
United States,USA,Delaware,US_DE,STATE_TOTAL,20201231,2,0,2,1,2,1,4,1,0,,2,1,2,1,3,1,1,2,,,2,1,3,2,,,4,1,2,1,,57456,926,73.15,73.15,71.43,71.43,76.56,76.56,76.79,76.79,75,75
United States,USA,Florida,US_FL,STATE_TOTAL,20201231,2,0,1,0,1,0,4,0,0,,2,0,1,1,3,1,1,1,0,0,2,0,2,1,0,0,3,0,3,1,,1323315,21673,47.69,47.69,51.9,51.9,51.22,51.22,51.41,51.41,50,50
United States,USA,Georgia,US_GA,STATE_TOTAL,20201231,2,0,1,1,2,1,3,1,0,,2,0,1,1,3,1,1,2,,,2,1,3,1,,,2,0,2,1,,666452,10934,59.26,59.26,63.1,63.1,60.72,60.72,58.53,58.53,75,75
United States,USA,Hawaii,US_HI,STATE_TOTAL,20201231,2,0,2,1,2,1,4,1,1,1,2,1,2,1,3,1,0,2,,,2,1,3,2,,,3,1,2,1,,21745,288,78.7,78.7,80.95,80.95,76.56,76.56,78.72,78.72,62.5,62.5
United States,USA,Iowa,US_IA,STATE_TOTAL,20201231,2,0,1,1,1,1,0,,0,,1,1,1,1,3,2,0,1,,,2,1,2,1,,,3,0,2,1,,281712,3891,43.52,43.52,58.33,58.33,49.06,49.06,46.99,46.99,62.5,62.5
United States,USA,Idaho,US_ID,STATE_TOTAL,20201231,2,0,1,1,1,1,4,1,0,,1,1,1,1,3,1,1,1,,,2,1,2,1,,,3,1,2,1,,141077,1436,54.63,54.63,63.1,63.1,54.89,54.89,55.64,55.64,50,50
United States,USA,Illinois,US_IL,STATE_TOTAL,20201231,2,0,1,1,1,1,4,1,0,,2,1,2,0,3,1,1,1,0,0,2,1,3,1,0,0,3,0,2,1,,963389,17978,61.11,61.11,64.29,64.29,60.17,60.17,61.73,61.73,50,50
United States,USA,Indiana,US_IN,STATE_TOTAL,20201231,3,0,1,1,1,1,3,1,0,,1,1,2,0,3,1,0,1,0,0,2,1,2,2,0,0,2,1,2,1,,511485,8263,58.33,58.33,63.81,63.81,57.11,57.11,60.13,60.13,37.5,37.5
United States,USA,Kansas,US_KS,STATE_TOTAL,20201231,2,0,1,0,2,0,4,0,1,0,1,1,1,1,3,1,0,1,,,2,1,3,1,,,3,1,2,1,,225440,2736,56.94,56.94,61.43,61.43,56.83,56.83,59.81,59.81,37.5,37.5
United States,USA,Kentucky,US_KY,STATE_TOTAL,20201231,2,1,2,0,1,0,4,1,2,0,1,1,1,1,3,1,1,1,0,0,2,1,3,2,0,0,3,1,2,1,,265261,2623,63.89,63.89,76.19,76.19,66,66,68.46,68.46,50,50
United States,USA,Louisiana,US_LA,STATE_TOTAL,20201231,1,1,2,1,1,1,3,1,1,0,1,1,1,1,3,1,0,1,,,2,1,2,1,,,3,1,2,1,,315275,7488,56.48,56.48,68.57,68.57,54.33,54.33,56.92,56.92,37.5,37.5
United States,USA,Massachusetts,US_MA,STATE_TOTAL,20201231,2,0,2,1,2,1,4,1,1,0,1,1,2,1,3,1,1,1,0,0,2,1,3,2,0,0,3,1,2,1,,375178,12423,72.22,72.22,76.19,76.19,71,71,74.23,74.23,50,50
United States,USA,Maryland,US_MD,STATE_TOTAL,20201231,2,0,2,1,2,1,4,1,0,,1,1,2,1,3,1,1,2,,,2,1,3,2,,,4,0,2,1,,276662,5895,69.44,69.44,71.43,71.43,73.5,73.5,73.27,73.27,75,75
United States,USA,Maine,US_ME,STATE_TOTAL,20201231,1,1,2,1,1,1,3,1,1,1,1,1,2,1,3,1,1,1,0,0,2,1,3,2,0,0,3,1,2,1,,24201,347,64.81,64.81,78.1,78.1,66.56,66.56,69.1,69.1,50,50
United States,USA,Michigan,US_MI,STATE_TOTAL,20201231,2,0,2,1,1,1,3,1,1,0,1,1,1,1,3,1,0,1,,,2,1,3,2,,,3,1,2,1,,528621,13018,58.33,58.33,68.57,68.57,61,61,64.62,64.62,37.5,37.5
United States,USA,Minnesota,US_MN,STATE_TOTAL,20201231,3,0,2,1,2,1,4,1,1,1,1,1,1,1,3,1,0,1,,,2,1,3,1,,,2,1,2,1,,415302,5382,73.15,73.15,79.76,79.76,64.89,64.89,69.1,69.1,37.5,37.5
United States,USA,Missouri,US_MO,STATE_TOTAL,20201231,1,1,1,0,2,0,3,1,0,,2,0,1,0,3,2,1,1,,,2,0,3,2,,,3,1,3,1,,403405,5694,47.22,47.22,49.52,49.52,60.67,60.67,58.46,58.46,75,75
United States,USA,Mississippi,US_MS,STATE_TOTAL,20201231,2,0,1,1,1,1,4,0,0,,1,1,1,1,3,1,1,1,,,2,1,1,1,,,3,0,2,1,,215811,4787,53.24,53.24,60.24,60.24,51,51,51.15,51.15,50,50
United States,USA,Montana,US_MT,STATE_TOTAL,20201231,1,1,1,1,1,1,3,1,0,,2,0,1,1,3,1,1,1,,,2,1,3,1,,,3,0,2,1,,81555,961,51.85,51.85,60.24,60.24,54.61,54.61,55.32,55.32,50,50
United States,USA,North Carolina,US_NC,STATE_TOTAL,20201231,2,1,2,1,1,1,3,1,1,1,2,1,1,1,3,1,0,2,,,2,1,2,1,,,4,1,2,1,,539545,6748,66.67,66.67,78.1,78.1,65.44,65.44,65.9,65.9,62.5,62.5
United States,USA,North Dakota,US_ND,STATE_TOTAL,20201231,2,0,1,1,1,1,2,0,0,,1,1,1,1,3,1,1,1,,,2,1,2,2,,,2,1,2,1,,92495,1292,47.69,47.69,58.33,58.33,52.39,52.39,52.76,52.76,50,50
United States,USA,Nebraska,US_NE,STATE_TOTAL,20201231,1,1,1,1,1,1,2,0,1,1,1,1,1,1,3,1,1,2,,,2,1,3,2,,,2,1,2,1,,166798,1651,51.39,51.39,67.86,67.86,60.17,60.17,57.88,57.88,75,75
United States,USA,New Hampshire,US_NH,STATE_TOTAL,20201231,2,0,1,1,1,1,0,,0,,1,1,2,1,3,1,1,1,,,2,1,3,1,,,3,1,2,1,,44028,759,49.07,49.07,63.1,63.1,53.78,53.78,54.36,54.36,50,50
United States,USA,New Jersey,US_NJ,STATE_TOTAL,20201231,2,0,1,1,2,1,4,1,0,,1,1,1,1,3,1,1,2,,,2,1,3,2,,,3,1,2,1,,529027,19042,60.19,60.19,63.1,63.1,67.11,67.11,65.9,65.9,75,75
United States,USA,New Mexico,US_NM,STATE_TOTAL,20201231,2,0,2,1,2,1,4,1,2,0,1,1,2,0,3,1,0,1,,,2,1,3,1,,,3,1,2,1,,142864,2477,75,75,76.19,76.19,67.67,67.67,72.31,72.31,37.5,37.5
United States,USA,Nevada,US_NV,STATE_TOTAL,20201231,2,0,1,1,1,1,3,1,0,,1,1,1,1,3,1,0,1,0,0,2,1,3,2,0,0,4,1,2,1,,224731,3122,51.85,51.85,60.24,60.24,58.78,58.78,62.05,62.05,37.5,37.5
United States,USA,New York,US_NY,STATE_TOTAL,20201231,2,0,3,0,2,0,4,0,1,1,1,1,2,1,3,2,1,1,,,2,1,3,2,,,3,1,2,1,,978783,37983,72.69,72.69,78.1,78.1,74.61,74.61,74.55,74.55,75,75
United States,USA,Ohio,US_OH,STATE_TOTAL,20201231,2,1,1,1,1,1,4,1,0,,1,1,1,1,3,1,0,1,,,2,1,3,2,,,3,1,2,1,,700380,8962,56.48,56.48,66.67,66.67,59.89,59.89,63.33,63.33,37.5,37.5
United States,USA,Oklahoma,US_OK,STATE_TOTAL,20201231,2,0,1,1,1,1,0,,1,0,1,0,1,1,3,1,1,1,,,2,1,3,1,,,3,0,2,1,,290936,2489,44.44,44.44,63.1,63.1,50.17,50.17,50.19,50.19,50,50
United States,USA,Oregon,US_OR,STATE_TOTAL,20201231,2,0,2,1,2,1,4,1,0,,1,1,1,0,3,1,0,2,0,0,2,1,2,1,0,0,3,1,2,1,,113909,1477,61.11,61.11,64.29,64.29,60.44,60.44,60.13,60.13,62.5,62.5
United States,USA,Pennsylvania,US_PA,STATE_TOTAL,20201231,2,0,2,1,1,1,4,1,0,,1,1,2,1,3,1,1,1,0,0,2,1,3,2,0,0,3,1,2,1,,645390,15947,63.89,63.89,71.43,71.43,66,66,68.46,68.46,50,50
United States,USA,Rhode Island,US_RI,STATE_TOTAL,20201231,2,1,2,1,1,1,4,1,0,,1,1,2,1,3,2,0,2,,,2,1,3,2,,,3,1,2,1,,87949,1777,65.74,65.74,75,75,72.11,72.11,69.74,69.74,87.5,87.5
United States,USA,South Carolina,US_SC,STATE_TOTAL,20201231,2,0,1,1,1,1,2,1,0,,1,1,1,1,3,1,0,1,,,2,1,3,2,,,3,0,2,1,,307507,5296,49.07,49.07,58.33,58.33,54.61,54.61,57.24,57.24,37.5,37.5
United States,USA,South Dakota,US_SD,STATE_TOTAL,20201231,1,1,1,1,1,1,0,,0,,1,1,1,1,3,1,1,1,,,2,1,2,1,,,2,0,2,1,,99164,1488,41.67,41.67,58.33,58.33,44.61,44.61,43.78,43.78,50,50
United States,USA,Tennessee,US_TN,STATE_TOTAL,20201231,2,0,2,1,2,1,4,1,1,0,1,0,1,1,3,1,1,1,0,0,2,1,3,1,0,0,3,0,2,1,,586802,6907,64.81,64.81,71.43,71.43,62.39,62.39,64.29,64.29,50,50
United States,USA,Texas,US_TX,STATE_TOTAL,20201231,2,0,2,0,2,0,4,0,0,,1,0,1,0,3,1,1,1,,,2,1,2,1,,,3,1,2,1,,1772784,28066,53.24,53.24,55.48,55.48,54.06,54.06,54.68,54.68,50,50
United States,USA,Utah,US_UT,STATE_TOTAL,20201231,1,1,1,1,1,1,4,1,0,,1,1,1,1,3,1,1,1,,,2,1,2,1,,,4,1,2,1,,276612,1269,52.78,52.78,63.1,63.1,55.44,55.44,56.28,56.28,50,50
United States,USA,Virginia,US_VA,STATE_TOTAL,20201231,2,1,2,1,2,1,4,1,0,,2,1,1,1,3,1,1,1,0,0,2,1,3,2,0,0,3,1,2,1,,349584,5032,69.44,69.44,71.43,71.43,69.33,69.33,72.31,72.31,50,50
United States,USA,Virgin Islands,US_VI,STATE_TOTAL,20201231,,,,,,,,,,,,,,,,,,,,,,,,,,,,,,,,2031,23,,,,,,,,,,
United States,USA,Vermont,US_VT,STATE_TOTAL,20201231,2,0,2,1,2,1,4,1,0,,1,1,2,1,3,2,0,1,,,2,1,3,2,,,3,1,2,1,,7412,136,69.44,69.44,71.43,71.43,71,71,72.31,72.31,62.5,62.5
United States,USA,Washington,US_WA,STATE_TOTAL,20201231,3,0,2,1,2,1,4,1,1,0,1,0,1,0,3,1,1,2,0,0,2,1,2,1,0,0,3,1,2,1,,246752,3461,65.74,65.74,70.24,70.24,64.89,64.89,63.33,63.33,75,75
United States,USA,Wisconsin,US_WI,STATE_TOTAL,20201231,2,0,1,1,1,1,4,0,1,0,1,1,1,1,3,1,1,1,0,0,2,1,3,1,0,0,4,1,3,1,,520438,5242,56.02,56.02,65,65,60.94,60.94,62.63,62.63,50,50
United States,USA,West Virginia,US_WV,STATE_TOTAL,20201231,2,0,1,1,2,0,3,1,0,,1,1,1,1,3,1,1,1,0,0,2,1,3,2,0,0,3,1,2,1,,85334,1338,54.63,54.63,60.24,60.24,60.44,60.44,62.05,62.05,50,50
United States,USA,Wyoming,US_WY,STATE_TOTAL,20201231,1,1,1,1,2,1,4,1,2,0,1,1,1,1,3,1,1,1,,,2,1,3,2,,,2,1,2,1,,44409,438,66.67,66.67,72.62,72.62,66,66,68.46,68.46,50,50
Uzbekistan,UZB,,,NAT_TOTAL,20201231,1,0,1,1,1,1,3,1,0,,1,1,0,,3,1,1,1,0,0,2,1,1,2,0,0,3,1,0,,,77060,614,42.59,42.59,54.29,54.29,46.11,46.11,45.51,45.51,50,50
Venezuela,VEN,,,NAT_TOTAL,20201231,3,1,2,1,2,1,4,1,1,0,2,1,2,1,4,0,,2,0,0,2,1,3,0,0,0,4,1,,,,113558,1028,84.26,84.26,86.9,86.9,70.56,70.56,73.72,73.72,50,50
United States Virgin Islands,VIR,,,NAT_TOTAL,20201231,,,,,,,,,,,,,,,,,,,,,,,,,,,,,,,,2031,23,,,,,,,,,,
Vietnam,VNM,,,NAT_TOTAL,20201231,3,0,2,0,1,1,3,0,0,,2,0,0,,4,1,1,1,0,0,2,1,3,2,0,0,3,1,0,,,1465,35,55.09,55.09,63.1,63.1,58.06,58.06,59.29,59.29,50,50
Vanuatu,VUT,,,NAT_TOTAL,20201231,0,,0,,0,,0,,0,,0,,0,,4,0,,1,0,0,2,1,1,2,0,0,0,,0,,,1,0,22.22,22.22,28.57,28.57,25.56,25.56,25.64,25.64,25,25
Yemen,YEM,,,NAT_TOTAL,20201231,,,,,,,,,,,,,,,,,,,,,,,,,,,,,,,,2099,610,,,,,,,,,,
South Africa,ZAF,,,NAT_TOTAL,20201231,1,1,1,1,1,1,2,1,1,1,1,1,1,1,2,1,1,2,0,0,2,1,3,2,0,0,3,1,0,,,1057161,28469,50,50,64.29,64.29,58.33,58.33,55.77,55.77,75,75
Zambia,ZMB,,,NAT_TOTAL,20201231,2,1,2,1,1,1,4,1,0,,1,1,0,,1,0,,1,0,0,2,1,3,2,0,0,3,1,0,,,20725,388,49.07,49.07,60.71,60.71,51.11,51.11,55.13,55.13,25,25
Zimbabwe,ZWE,,,NAT_TOTAL,20201231,1,1,2,0,2,1,3,1,1,1,2,1,2,1,2,1,1,0,0,0,2,1,1,1,0,0,3,1,0,,,13867,363,69.44,69.44,73.81,73.81,55.56,55.56,60.26,60.26,25,25
